log_line	marker	source_line	class	failure_signal
2	command	3	TOOL	file exceeds 600 lines: src/proof/replay/source_call_coverage.elisa (645)
19	step	45	REPLAY	proof test matrix failed: unsigned-marker audit did not complete with clean replay
39	command	72	REPLAY	AssertionError: {'certificates': 4, 'replayed': 3, 'gaps': 1}
45	command	78	TOOL	matching Stage1 runtime or profiler-hook source is unavailable
72	command	166	REPLAY	AssertionError: {'certificates': 36, 'replayed': 33, 'gaps': 3}
79	command	167	REPLAY	AssertionError: {'certificates': 9, 'replayed': 7, 'gaps': 2}
85	command	169	REPLAY	AssertionError: (1, [])
94	command	174	REPLAY	AssertionError: []
105	command	179	REPLAY	AssertionError
121	command	190	REPLAY	AssertionError
127	command	192	OPEN	AssertionError: {'declarations': 6, 'obligations': 19, 'proven': 15, 'unproven': 4, 'failed': 0, 'finding_count': 0, 'semantic_diagnostics': 0, 'semantic_errors': 0}
136	command	197	REPLAY	AssertionError: []
141	command	198	REPLAY	AssertionError: []
146	command	199	REPLAY	AssertionError: []
151	command	200	REPLAY	AssertionError: []
163	command	204	COVERAGE	AssertionError: ('contract_placement', 1, '', '{"protocol_version":2,"status":"failed","verification_state":"unknown","engine_state":"proved","source":{"bytes":1353,"fingerprint":{"algorithm":"fnv1a32","value":4048312743}},"source_obligation_inventory":{"coverage":"partial","supported_subset":"uniqu
178	command	214	OPEN	AssertionError: {'protocol_version': 2, 'status': 'failed', 'verification_state': 'disproved', 'engine_state': 'open', 'source': {'bytes': 1757, 'fingerprint': {'algorithm': 'fnv1a32', 'value': 2138099088}}, 'source_obligation_inventory': {'coverage': 'partial', 'supported_subset': 'unique top-level
180	command	215	TOOL	kernel inventory: correspondence-external-calls: undocumented ['proof_package_input_preflight'], stale []
195	command	224	REPLAY	AssertionError: ('loop_state_joins', 1, '')
202	command	225	REPLAY	AssertionError: (1, [], '')
210	command	227	EXPECTATION	AssertionError: counterexample_domain.elisa
216	command	229	REPLAY	AssertionError: lexicographic_decreases
224	command	231	REPLAY	AssertionError: ('monotone_orders', 1, '')
237	command	239	REPLAY	AssertionError: pure_unfolding
261	command	248	REPLAY	FAIL: rejected partition has replay gaps: {'certificates': 65, 'replayed': 3, 'gaps': 62}
267	command	250	REPLAY	FAIL: adversarial fixture has replay gaps: {'certificates': 51, 'replayed': 22, 'gaps': 29}
272	command	251	REPLAY	FAIL: adversarial fixture has replay gaps: {'certificates': 13, 'replayed': 8, 'gaps': 5}
280	command	253	REPLAY	AssertionError: example must prove with no gaps
291	command	258	REPLAY	AssertionError: ('vector_index_arithmetic_probe.elisa', 1, '')
303	command	264	REPLAY	AssertionError: ('include_function_scope_probe.elisa', 1, '')
308	command	265	REPLAY	AssertionError: {'certificates': 14, 'replayed': 12, 'gaps': 2}
315	step	345	REPLAY	AssertionError: []
327	step	41	REPLAY	proof test matrix failed: standalone replay audit coverage or trust boundary regressed
342	step	8	REPLAY	proof test matrix failed: replay coverage for loop_accumulator
347	step	8	COVERAGE	proof test matrix failed: replay coverage for call_stable_facts
352	step	8	REPLAY	proof test matrix failed: replay coverage for condition_call_positions
357	step	8	SEMANTIC	proof test matrix failed: replay coverage for pattern_proof
372	step	8	REPLAY	proof test matrix failed: replay coverage for value_match_nested_pure_call
377	step	8	COVERAGE	proof test matrix failed: replay coverage for indexed_frame
392	step	8	REPLAY	proof test matrix failed: replay coverage for indexn_call_summary
407	step	8	REPLAY	proof test matrix failed: replay coverage for index_call_summary
422	step	8	REPLAY	proof test matrix failed: replay coverage for slice_call_summary
437	step	8	REPLAY	proof test matrix failed: replay coverage for nested_call_kept_values
452	step	8	REPLAY	proof test matrix failed: replay coverage for counting_loop_measure
467	step	8	REPLAY	proof test matrix failed: replay coverage for catch_expression
482	step	8	REPLAY	proof test matrix failed: replay coverage for catch_nested_pure_arm_call
487	step	8	COVERAGE	proof test matrix failed: replay coverage for contract_placement
502	step	8	REPLAY	proof test matrix failed: replay coverage for conditional_join
507	step	378	EXPECTATION	proof test matrix failed: call-return provenance was not replayed to the actual backing argument
512	step	403	EXPECTATION	proof test matrix failed: rejected_nested_sview_return_provenance was not refused with region-return-witness-unsupported
526	command	568	REPLAY	proof test matrix failed: verifier emitted an incomplete or malformed JSON report for /private/tmp/elisa-proof-f2d37570/examples/catch_expression.elisa (exit=1)
528	step	572	REPLAY	proof test matrix failed: expression catch success/error paths were not checked independently
534	step	106	COVERAGE	proof test matrix failed: indexed access bounds
549	step	136	REPLAY	proof test matrix failed: exact pure index result summary
564	step	142	REPLAY	proof test matrix failed: exact pure multi-index result summaries
579	step	148	REPLAY	proof test matrix failed: exact pure slice endpoint summaries
584	step	154	REPLAY	proof test matrix failed: pure index result did not retain its bound obligation
599	step	209	REPLAY	proof test matrix failed: values a nested call cannot reach
604	step	216	REPLAY	proof test matrix failed: rejected_nested_call_kept_values=1
619	step	274	REPLAY	proof test matrix failed: cancellation did not prove the counting-loop measures
624	step	287	REPLAY	proof test matrix failed: cyclic source-neutral arena was not rejected fail-closed
628	command	485	SEMANTIC	AssertionError
630	step	489	SEMANTIC	proof test matrix failed: ADT/pattern branch facts
674	step	465	AGGREGATE	proof test matrix failed: verified=0 include=0 lemma=0 summary=0 framed_call=1 header_frame=1 branch_negation=0 old_state=0 structured_result=0 assert_by_local=0 arithmetic_identity=0 equality_alias=0 quantifier=0 void_postcondition=0 named_arguments=1 default_arguments=1 assignment_rhs_state=0 recu
676	step	470	AGGREGATE	proof test matrix failed: collection_quantifier=0 collection_quantifier_rejected=1 multiple_invariants=0 branch_stale_return=1 recursive_lemma=1 recursive_lemma_decreases_rejected=1 recursive_lemma_in_proof_block_rejected=1 loop_break_rejected=1 rejected_loop_control=1 rejected_getelse_recovery=1 re
678	step	513	REPLAY	proof test matrix failed: pure value-match call status=1 probe=1
680	step	518	REPLAY	proof test matrix failed: named payload value-match=1/1 catch pure arm=1/1
682	step	523	REPLAY	proof test matrix failed: pure index result summary status=1
684	step	528	REPLAY	proof test matrix failed: indexn summary=1 slice summary=1
686	step	533	REPLAY	proof test matrix failed: nested pure catch arm=1 value-match arm=1
688	step	548	AGGREGATE	proof test matrix failed: resource statuses shared=0 mutable=0 call_summary=0 branch_join=0 rejected_branch_move=1 probes call_summary=0 nested_frame=1 branch_join=0 rejected_call_alias=0 rejected_branch_move=0
703	step	71	AGGREGATE	proof test matrix failed: goal/repair API statuses checked=1 preconditions=1 lexicographic=98 void=1 focused-open=0 focused-proved=0 focused-missing=2 overflow=2 negative=2 goal-fingerprint=0 theorem-catalog=0 lemma-provenance=0 rejected-catalog=1 defaults=0 theorem-fingerprint=0 suggestion=0 unveri
705	step	110	AGGREGATE	proof test matrix failed: nested_frame=1 indexed_frame=1 rejected_nested_frame=1 rejected_deep_frame=1 rejected_indexed_frame=1 counterexample=1
710	step	12	COVERAGE	proof test matrix failed: call-stable facts and branch conjuncts
715	step	22	REPLAY	proof test matrix failed: a fact survived a call or a branch that could falsify it
720	step	161	REPLAY	proof test matrix failed: executable calls in branch conditions
725	step	35	OPEN	proof test matrix failed: a reinterpreted u64 maximum created a vacuous proof
730	step	64	EXPECTATION	proof test matrix failed: unsound unsigned tactic proof was accepted (rejected_u64_max_decide)
735	step	77	EXPECTATION	proof test matrix failed: unsigned tactic refusal was not observed as a refused action (rejected_u64_max_decide)
740	step	64	EXPECTATION	proof test matrix failed: unsound unsigned tactic proof was accepted (rejected_u8_overflow_decide)
745	step	77	EXPECTATION	proof test matrix failed: unsigned tactic refusal was not observed as a refused action (rejected_u8_overflow_decide)
750	step	64	EXPECTATION	proof test matrix failed: unsound unsigned tactic proof was accepted (rejected_u8_overflow_simp)
755	step	77	EXPECTATION	proof test matrix failed: unsigned tactic refusal was not observed as a refused action (rejected_u8_overflow_simp)
760	step	90	REPLAY	proof test matrix failed: typed high-bit unsigned literal comparison
765	step	107	REPLAY	proof test matrix failed: a pre-pop converted count justified an index after shrinking the collection
771	step	11	REPLAY	proof test matrix failed: typed unsigned decide tactic on goal 1
776	step	23	EXPECTATION	proof test matrix failed: a stale v1 goal fingerprint still bound a typed-literal goal
791	step	100	REPLAY	proof test matrix failed: captured block statements
796	step	173	REPLAY	proof test matrix failed: a bound did not travel across an equality, or did not replay
801	step	213	COVERAGE	proof test matrix failed: a call statement on a region-owned receiver was refused
806	step	233	COVERAGE	proof test matrix failed: a lifetime-free callee could not receive a region-owned reference
821	step	334	REPLAY	proof test matrix failed: an equality with a conditional value was not split into its arms
836	step	353	REPLAY	proof test matrix failed: a place read through its local alias did not keep the facts of its alias
841	step	362	REPLAY	proof test matrix failed: an alias transferred facts to a different place
858	step	427	REPLAY	proof test matrix failed: a closed frame lost a field fact of a shared borrow across a call
863	step	436	REPLAY	proof test matrix failed: a frame holding a mutable path kept a field fact across a call
868	step	445	REPLAY	proof test matrix failed: a mutable global left a field fact fixed across a call
883	step	455	REPLAY	proof test matrix failed: a call summary did not carry over the name bound to the call
898	step	493	REPLAY	proof test matrix failed: a bounded pure call result was not generalized
913	step	512	REPLAY	proof test matrix failed: a guarded self-increment lost the invariant at the join
918	step	521	REPLAY	proof test matrix failed: a join kept a fact an arm value does not satisfy
933	step	531	REPLAY	proof test matrix failed: a conversion in a conditional arm was refused
948	step	551	REPLAY	proof test matrix failed: a call in a conditional arm was refused
953	step	560	REPLAY	proof test matrix failed: a conditional call arm lent facts across arms or skipped a precondition
968	step	589	REPLAY	proof test matrix failed: a converted index with proven bounds was refused
983	step	72	REPLAY	proof test matrix failed: an else arm guarded by the failed condition was refused
998	step	91	REPLAY	proof test matrix failed: a block-form captured loop lost its invariants after the loop
1003	step	100	REPLAY	proof test matrix failed: a captured loop kept a fact it never checked or broke
1018	step	111	REPLAY	proof test matrix failed: a global constant in a tail-loop invariant was not imported
1023	step	120	REPLAY	proof test matrix failed: a tail-loop exit proved a bound tighter than its constant
1038	step	132	REPLAY	proof test matrix failed: a fact both arms establish over a rebound name was lost at the join
1053	step	298	REPLAY	proof test matrix failed: an empty literal was not known to be empty
1068	step	318	REPLAY	proof test matrix failed: an owned extent did not survive an unreachable call
1083	step	358	REPLAY	proof test matrix failed: a loop-header accumulator loop was refused
1088	step	427	EXPECTATION	proof test matrix failed: a builtin write escaped the borrow rules
1093	step	507	REPLAY	proof test matrix failed: a downward scan was given a bound it never states
1108	step	538	REPLAY	proof test matrix failed: a field of a value binding was lost to a call
1123	step	569	REPLAY	proof test matrix failed: a shared borrow lost its extent at loop entry
1128	step	578	REPLAY	proof test matrix failed: a moving extent or argument kept its guard at loop entry
1143	step	16	REPLAY	proof test matrix failed: a nonnegativity claim was refused for want of a wrap proof
1158	step	98	REPLAY	proof test matrix failed: a closed false or complementary premise did not close its branch
1173	step	119	REPLAY	proof test matrix failed: a returned constant lost its signed return type
1178	step	128	REPLAY	proof test matrix failed: a typed returned constant proved a false bound
1193	step	140	REPLAY	proof test matrix failed: a lend that ends with its call still forgot a loop binding
1198	step	225	COVERAGE	proof test matrix failed: a short-circuited impure call still invalidates its path
1213	step	276	REPLAY	proof test matrix failed: a while loop dropped a guard or a fact over a binding it does not write (G75)
1218	step	294	REPLAY	proof test matrix failed: a loop body used the entry value of a binding it rewrites
1223	step	376	REPLAY	proof test matrix failed: a skippable or repeated impure call entered a proof state
1228	step	396	CLI-CASCADE	proof test matrix failed: --proof exit codes proved=2 open=1 missing=2
1233	step	421	CLI-CASCADE	proof test matrix failed: --proof rendering shape
1235	step	444	CLI-CASCADE	proof test matrix failed: --check-proof exit codes faithful=2 extra=2 forged=1 foreign=2 junk=2
1240	step	477	CLI-CASCADE	proof test matrix failed: --check-proof divergence reporting
1245	step	175	EXPECTATION	proof test matrix failed: a collection builtin laundered a reach it does not have
1252	command	194	REPLAY	AssertionError: ('extend_scope_local_u8_constant.elisa', 1, '')
1267	step	206	REPLAY	proof test matrix failed: a counter lost its own value across its update
1272	step	215	REPLAY	proof test matrix failed: a fresh rebind symbol claimed more than the update
1274	step	236	TOOL	proof source exceeds 600 lines: /private/tmp/elisa-proof-f2d37570/src/proof/replay/source_call_coverage.elisa ( 645)
1675	command	250	CENSUS	census_diff.py exit 1: 346 regressions (proof-count drops/new refusal gates); gains separately reported
